;Scopy version,f4beeb1
;Exported on,mardi fevrier 24/02/2026
;Device,M2K
;Nr of samples,3200
;Sample rate,1000
;Tool,Oscilloscope
;Additional Information,
Sample,Time(S),CH1(V)
0,-1.6,0.209255
1,-1.599,0.209255
2,-1.598,0.209255
3,-1.597,0.209255
4,-1.596,0.209255
5,-1.595,0.209255
6,-1.594,0.209255
7,-1.593,0.209255
8,-1.592,0.209255
9,-1.591,0.209255
10,-1.59,0.209255
11,-1.589,0.209255
12,-1.588,0.209255
13,-1.587,0.209255
14,-1.586,0.209255
15,-1.585,0.209255
16,-1.584,0.209255
17,-1.583,0.209255
18,-1.582,0.209255
19,-1.581,0.209255
20,-1.58,0.209255
21,-1.579,0.209255
22,-1.578,0.209255
23,-1.577,0.209255
24,-1.576,0.209255
25,-1.575,0.209255
26,-1.574,0.209255
27,-1.573,0.209255
28,-1.572,0.209255
29,-1.571,0.209255
30,-1.57,0.209255
31,-1.569,0.209255
32,-1.568,0.209255
33,-1.567,0.212732
34,-1.566,0.210993
35,-1.565,0.384879
36,-1.564,0.426611
37,-1.563,0.294458
38,-1.562,0.219688
39,-1.561,0.209255
40,-1.56,0.209255
41,-1.559,0.209255
42,-1.558,0.209255
43,-1.557,0.209255
44,-1.556,0.209255
45,-1.555,0.209255
46,-1.554,0.209255
47,-1.553,0.209255
48,-1.552,0.209255
49,-1.551,0.209255
50,-1.55,0.209255
51,-1.549,0.209255
52,-1.548,0.209255
53,-1.547,0.209255
54,-1.546,0.209255
55,-1.545,0.209255
56,-1.544,0.209255
57,-1.543,0.209255
58,-1.542,0.209255
59,-1.541,0.209255
60,-1.54,0.209255
61,-1.539,0.209255
62,-1.538,0.209255
63,-1.537,0.209255
64,-1.536,0.209255
65,-1.535,0.209255
66,-1.534,0.209255
67,-1.533,0.209255
68,-1.532,0.209255
69,-1.531,0.209255
70,-1.53,0.209255
71,-1.529,0.209255
72,-1.528,0.209255
73,-1.527,0.209255
74,-1.526,0.209255
75,-1.525,0.209255
76,-1.524,0.209255
77,-1.523,0.209255
78,-1.522,0.209255
79,-1.521,0.209255
80,-1.52,0.209255
81,-1.519,0.209255
82,-1.518,0.209255
83,-1.517,0.212732
84,-1.516,0.212732
85,-1.515,0.388356
86,-1.514,0.426611
87,-1.513,0.290981
88,-1.512,0.219688
89,-1.511,0.209255
90,-1.51,0.209255
91,-1.509,0.209255
92,-1.508,0.209255
93,-1.507,0.209255
94,-1.506,0.209255
95,-1.505,0.209255
96,-1.504,0.209255
97,-1.503,0.209255
98,-1.502,0.209255
99,-1.501,0.209255
100,-1.5,0.209255
101,-1.499,0.209255
102,-1.498,0.209255
103,-1.497,0.209255
104,-1.496,0.209255
105,-1.495,0.209255
106,-1.494,0.209255
107,-1.493,0.209255
108,-1.492,0.209255
109,-1.491,0.209255
110,-1.49,0.209255
111,-1.489,0.209255
112,-1.488,0.209255
113,-1.487,0.209255
114,-1.486,0.209255
115,-1.485,0.209255
116,-1.484,0.209255
117,-1.483,0.209255
118,-1.482,0.209255
119,-1.481,0.209255
120,-1.48,0.209255
121,-1.479,0.209255
122,-1.478,0.209255
123,-1.477,0.209255
124,-1.476,0.209255
125,-1.475,0.209255
126,-1.474,0.209255
127,-1.473,0.209255
128,-1.472,0.209255
129,-1.471,0.209255
130,-1.47,0.209255
131,-1.469,0.209255
132,-1.468,0.209255
133,-1.467,0.212732
134,-1.466,0.212732
135,-1.465,0.391834
136,-1.464,0.426611
137,-1.463,0.290981
138,-1.462,0.217949
139,-1.461,0.209255
140,-1.46,0.209255
141,-1.459,0.209255
142,-1.458,0.209255
143,-1.457,0.209255
144,-1.456,0.209255
145,-1.455,0.209255
146,-1.454,0.209255
147,-1.453,0.209255
148,-1.452,0.209255
149,-1.451,0.209255
150,-1.45,0.209255
151,-1.449,0.209255
152,-1.448,0.209255
153,-1.447,0.209255
154,-1.446,0.209255
155,-1.445,0.209255
156,-1.444,0.209255
157,-1.443,0.209255
158,-1.442,0.209255
159,-1.441,0.209255
160,-1.44,0.209255
161,-1.439,0.209255
162,-1.438,0.209255
163,-1.437,0.209255
164,-1.436,0.209255
165,-1.435,0.209255
166,-1.434,0.209255
167,-1.433,0.209255
168,-1.432,0.209255
169,-1.431,0.209255
170,-1.43,0.209255
171,-1.429,0.209255
172,-1.428,0.209255
173,-1.427,0.209255
174,-1.426,0.209255
175,-1.425,0.209255
176,-1.424,0.209255
177,-1.423,0.209255
178,-1.422,0.209255
179,-1.421,0.209255
180,-1.42,0.209255
181,-1.419,0.209255
182,-1.418,0.209255
183,-1.417,0.212732
184,-1.416,0.214471
185,-1.415,0.391834
186,-1.414,0.426611
187,-1.413,0.285764
188,-1.412,0.217949
189,-1.411,0.210993
190,-1.41,0.209255
191,-1.409,0.209255
192,-1.408,0.209255
193,-1.407,0.209255
194,-1.406,0.209255
195,-1.405,0.209255
196,-1.404,0.209255
197,-1.403,0.209255
198,-1.402,0.209255
199,-1.401,0.209255
200,-1.4,0.209255
201,-1.399,0.209255
202,-1.398,0.209255
203,-1.397,0.209255
204,-1.396,0.209255
205,-1.395,0.209255
206,-1.394,0.209255
207,-1.393,0.209255
208,-1.392,0.209255
209,-1.391,0.209255
210,-1.39,0.209255
211,-1.389,0.209255
212,-1.388,0.209255
213,-1.387,0.209255
214,-1.386,0.209255
215,-1.385,0.209255
216,-1.384,0.209255
217,-1.383,0.209255
218,-1.382,0.209255
219,-1.381,0.209255
220,-1.38,0.209255
221,-1.379,0.209255
222,-1.378,0.209255
223,-1.377,0.209255
224,-1.376,0.209255
225,-1.375,0.209255
226,-1.374,0.209255
227,-1.373,0.209255
228,-1.372,0.209255
229,-1.371,0.209255
230,-1.37,0.209255
231,-1.369,0.209255
232,-1.368,0.209255
233,-1.367,0.212732
234,-1.366,0.21621
235,-1.365,0.395312
236,-1.364,0.424872
237,-1.363,0.284025
238,-1.362,0.217949
239,-1.361,0.210993
240,-1.36,0.209255
241,-1.359,0.209255
242,-1.358,0.209255
243,-1.357,0.209255
244,-1.356,0.209255
245,-1.355,0.209255
246,-1.354,0.209255
247,-1.353,0.209255
248,-1.352,0.209255
249,-1.351,0.209255
250,-1.35,0.209255
251,-1.349,0.209255
252,-1.348,0.209255
253,-1.347,0.209255
254,-1.346,0.209255
255,-1.345,0.209255
256,-1.344,0.209255
257,-1.343,0.209255
258,-1.342,0.209255
259,-1.341,0.209255
260,-1.34,0.209255
261,-1.339,0.209255
262,-1.338,0.209255
263,-1.337,0.209255
264,-1.336,0.209255
265,-1.335,0.209255
266,-1.334,0.209255
267,-1.333,0.209255
268,-1.332,0.209255
269,-1.331,0.209255
270,-1.33,0.209255
271,-1.329,0.209255
272,-1.328,0.209255
273,-1.327,0.209255
274,-1.326,0.209255
275,-1.325,0.209255
276,-1.324,0.209255
277,-1.323,0.209255
278,-1.322,0.209255
279,-1.321,0.209255
280,-1.32,0.209255
281,-1.319,0.209255
282,-1.318,0.209255
283,-1.317,0.210993
284,-1.316,0.217949
285,-1.315,0.395312
286,-1.314,0.416178
287,-1.313,0.407484
288,-1.312,0.438783
289,-1.311,0.440522
290,-1.31,0.442261
291,-1.309,0.438783
292,-1.308,0.442261
293,-1.307,0.442261
294,-1.306,0.442261
295,-1.305,0.442261
296,-1.304,0.442261
297,-1.303,0.442261
298,-1.302,0.442261
299,-1.301,0.442261
300,-1.3,0.442261
301,-1.299,0.442261
302,-1.298,0.442261
303,-1.297,0.442261
304,-1.296,0.442261
305,-1.295,0.438783
306,-1.294,0.443999
307,-1.293,0.440522
308,-1.292,0.442261
309,-1.291,0.440522
310,-1.29,0.442261
311,-1.289,0.440522
312,-1.288,0.442261
313,-1.287,0.440522
314,-1.286,0.442261
315,-1.285,0.442261
316,-1.284,0.442261
317,-1.283,0.442261
318,-1.282,0.442261
319,-1.281,0.442261
320,-1.28,0.442261
321,-1.279,0.440522
322,-1.278,0.442261
323,-1.277,0.440522
324,-1.276,0.442261
325,-1.275,0.440522
326,-1.274,0.443999
327,-1.273,0.398789
328,-1.272,0.407484
329,-1.271,0.424872
330,-1.27,0.384879
331,-1.269,0.224904
332,-1.268,0.209255
333,-1.267,0.205777
334,-1.266,0.205777
335,-1.265,0.205777
336,-1.264,0.205777
337,-1.263,0.205777
338,-1.262,0.205777
339,-1.261,0.202299
340,-1.26,0.202299
341,-1.259,0.202299
342,-1.258,0.202299
343,-1.257,0.202299
344,-1.256,0.202299
345,-1.255,0.207516
346,-1.254,0.233599
347,-1.253,0.324019
348,-1.252,0.214471
349,-1.251,0.205777
350,-1.25,0.205777
351,-1.249,0.205777
352,-1.248,0.202299
353,-1.247,0.207516
354,-1.246,0.202299
355,-1.245,0.205777
356,-1.244,0.207516
357,-1.243,0.202299
358,-1.242,0.202299
359,-1.241,0.205777
360,-1.24,0.205777
361,-1.239,0.195344
362,-1.238,0.346624
363,-1.237,0.230121
364,-1.236,0.209255
365,-1.235,0.207516
366,-1.234,0.202299
367,-1.233,0.202299
368,-1.232,0.202299
369,-1.231,0.202299
370,-1.23,0.202299
371,-1.229,0.202299
372,-1.228,0.202299
373,-1.227,0.202299
374,-1.226,0.202299
375,-1.225,0.205777
376,-1.224,0.198821
377,-1.223,0.292719
378,-1.222,0.273592
379,-1.221,0.210993
380,-1.22,0.207516
381,-1.219,0.205777
382,-1.218,0.202299
383,-1.217,0.202299
384,-1.216,0.202299
385,-1.215,0.202299
386,-1.214,0.202299
387,-1.213,0.202299
388,-1.212,0.202299
389,-1.211,0.202299
390,-1.21,0.202299
391,-1.209,0.207516
392,-1.208,0.221427
393,-1.207,0.332713
394,-1.206,0.21621
395,-1.205,0.207516
396,-1.204,0.205777
397,-1.203,0.205777
398,-1.202,0.202299
399,-1.201,0.202299
400,-1.2,0.202299
401,-1.199,0.202299
402,-1.198,0.202299
403,-1.197,0.202299
404,-1.196,0.202299
405,-1.195,0.202299
406,-1.194,0.205777
407,-1.193,0.193605
408,-1.192,0.339668
409,-1.191,0.235337
410,-1.19,0.209255
411,-1.189,0.205777
412,-1.188,0.205777
413,-1.187,0.202299
414,-1.186,0.202299
415,-1.185,0.202299
416,-1.184,0.202299
417,-1.183,0.202299
418,-1.182,0.202299
419,-1.181,0.202299
420,-1.18,0.202299
421,-1.179,0.205777
422,-1.178,0.20056
423,-1.177,0.27707
424,-1.176,0.285764
425,-1.175,0.212732
426,-1.174,0.207516
427,-1.173,0.205777
428,-1.172,0.202299
429,-1.171,0.202299
430,-1.17,0.202299
431,-1.169,0.202299
432,-1.168,0.202299
433,-1.167,0.202299
434,-1.166,0.202299
435,-1.165,0.202299
436,-1.164,0.202299
437,-1.163,0.207516
438,-1.162,0.210993
439,-1.161,0.343146
440,-1.16,0.217949
441,-1.159,0.207516
442,-1.158,0.207516
443,-1.157,0.202299
444,-1.156,0.202299
445,-1.155,0.202299
446,-1.154,0.202299
447,-1.153,0.202299
448,-1.152,0.202299
449,-1.151,0.202299
450,-1.15,0.202299
451,-1.149,0.202299
452,-1.148,0.202299
453,-1.147,0.20056
454,-1.146,0.252726
455,-1.145,0.209255
456,-1.144,0.205777
457,-1.143,0.205777
458,-1.142,0.21621
459,-1.141,0.205777
460,-1.14,0.205777
461,-1.139,0.202299
462,-1.138,0.207516
463,-1.137,0.210993
464,-1.136,0.36749
465,-1.135,0.393573
466,-1.134,0.395312
467,-1.133,0.395312
468,-1.132,0.395312
469,-1.131,0.395312
470,-1.13,0.395312
471,-1.129,0.395312
472,-1.128,0.395312
473,-1.127,0.395312
474,-1.126,0.395312
475,-1.125,0.395312
476,-1.124,0.393573
477,-1.123,0.402267
478,-1.122,0.287503
479,-1.121,0.217949
480,-1.12,0.209255
481,-1.119,0.209255
482,-1.118,0.209255
483,-1.117,0.209255
484,-1.116,0.209255
485,-1.115,0.209255
486,-1.114,0.209255
487,-1.113,0.209255
488,-1.112,0.209255
489,-1.111,0.209255
490,-1.11,0.209255
491,-1.109,0.209255
492,-1.108,0.209255
493,-1.107,0.209255
494,-1.106,0.209255
495,-1.105,0.209255
496,-1.104,0.209255
497,-1.103,0.209255
498,-1.102,0.209255
499,-1.101,0.209255
500,-1.1,0.209255
501,-1.099,0.209255
502,-1.098,0.209255
503,-1.097,0.209255
504,-1.096,0.209255
505,-1.095,0.209255
506,-1.094,0.209255
507,-1.093,0.209255
508,-1.092,0.209255
509,-1.091,0.209255
510,-1.09,0.209255
511,-1.089,0.209255
512,-1.088,0.209255
513,-1.087,0.209255
514,-1.086,0.209255
515,-1.085,0.209255
516,-1.084,0.209255
517,-1.083,0.209255
518,-1.082,0.209255
519,-1.081,0.209255
520,-1.08,0.209255
521,-1.079,0.209255
522,-1.078,0.209255
523,-1.077,0.209255
524,-1.076,0.209255
525,-1.075,0.209255
526,-1.074,0.210993
527,-1.073,0.202299
528,-1.072,0.343146
529,-1.071,0.426611
530,-1.07,0.33793
531,-1.069,0.221427
532,-1.068,0.212732
533,-1.067,0.209255
534,-1.066,0.209255
535,-1.065,0.209255
536,-1.064,0.209255
537,-1.063,0.209255
538,-1.062,0.209255
539,-1.061,0.209255
540,-1.06,0.209255
541,-1.059,0.209255
542,-1.058,0.209255
543,-1.057,0.209255
544,-1.056,0.209255
545,-1.055,0.209255
546,-1.054,0.209255
547,-1.053,0.209255
548,-1.052,0.209255
549,-1.051,0.209255
550,-1.05,0.209255
551,-1.049,0.209255
552,-1.048,0.209255
553,-1.047,0.209255
554,-1.046,0.209255
555,-1.045,0.209255
556,-1.044,0.209255
557,-1.043,0.209255
558,-1.042,0.209255
559,-1.041,0.209255
560,-1.04,0.209255
561,-1.039,0.209255
562,-1.038,0.209255
563,-1.037,0.209255
564,-1.036,0.209255
565,-1.035,0.209255
566,-1.034,0.209255
567,-1.033,0.209255
568,-1.032,0.209255
569,-1.031,0.209255
570,-1.03,0.209255
571,-1.029,0.209255
572,-1.028,0.209255
573,-1.027,0.209255
574,-1.026,0.209255
575,-1.025,0.209255
576,-1.024,0.210993
577,-1.023,0.202299
578,-1.022,0.346624
579,-1.021,0.42835
580,-1.02,0.33793
581,-1.019,0.221427
582,-1.018,0.212732
583,-1.017,0.209255
584,-1.016,0.209255
585,-1.015,0.209255
586,-1.014,0.209255
587,-1.013,0.209255
588,-1.012,0.209255
589,-1.011,0.209255
590,-1.01,0.209255
591,-1.009,0.209255
592,-1.008,0.209255
593,-1.007,0.209255
594,-1.006,0.209255
595,-1.005,0.209255
596,-1.004,0.209255
597,-1.003,0.209255
598,-1.002,0.209255
599,-1.001,0.209255
600,-1,0.209255
601,-0.999,0.209255
602,-0.998,0.209255
603,-0.997,0.209255
604,-0.996,0.209255
605,-0.995,0.209255
606,-0.994,0.209255
607,-0.993,0.209255
608,-0.992,0.209255
609,-0.991,0.209255
610,-0.99,0.209255
611,-0.989,0.209255
612,-0.988,0.209255
613,-0.987,0.209255
614,-0.986,0.209255
615,-0.985,0.209255
616,-0.984,0.209255
617,-0.983,0.209255
618,-0.982,0.209255
619,-0.981,0.209255
620,-0.98,0.209255
621,-0.979,0.209255
622,-0.978,0.209255
623,-0.977,0.209255
624,-0.976,0.209255
625,-0.975,0.209255
626,-0.974,0.210993
627,-0.973,0.20056
628,-0.972,0.348363
629,-0.971,0.42835
630,-0.97,0.334452
631,-0.969,0.223165
632,-0.968,0.212732
633,-0.967,0.209255
634,-0.966,0.209255
635,-0.965,0.209255
636,-0.964,0.209255
637,-0.963,0.209255
638,-0.962,0.209255
639,-0.961,0.209255
640,-0.96,0.209255
641,-0.959,0.209255
642,-0.958,0.209255
643,-0.957,0.209255
644,-0.956,0.209255
645,-0.955,0.209255
646,-0.954,0.209255
647,-0.953,0.209255
648,-0.952,0.209255
649,-0.951,0.209255
650,-0.95,0.209255
651,-0.949,0.209255
652,-0.948,0.209255
653,-0.947,0.209255
654,-0.946,0.209255
655,-0.945,0.209255
656,-0.944,0.209255
657,-0.943,0.209255
658,-0.942,0.209255
659,-0.941,0.209255
660,-0.94,0.209255
661,-0.939,0.209255
662,-0.938,0.209255
663,-0.937,0.209255
664,-0.936,0.209255
665,-0.935,0.209255
666,-0.934,0.209255
667,-0.933,0.209255
668,-0.932,0.209255
669,-0.931,0.209255
670,-0.93,0.209255
671,-0.929,0.209255
672,-0.928,0.209255
673,-0.927,0.209255
674,-0.926,0.209255
675,-0.925,0.209255
676,-0.924,0.210993
677,-0.923,0.20056
678,-0.922,0.35184
679,-0.921,0.42835
680,-0.92,0.334452
681,-0.919,0.221427
682,-0.918,0.212732
683,-0.917,0.209255
684,-0.916,0.209255
685,-0.915,0.209255
686,-0.914,0.209255
687,-0.913,0.209255
688,-0.912,0.209255
689,-0.911,0.209255
690,-0.91,0.209255
691,-0.909,0.209255
692,-0.908,0.209255
693,-0.907,0.209255
694,-0.906,0.209255
695,-0.905,0.209255
696,-0.904,0.209255
697,-0.903,0.209255
698,-0.902,0.209255
699,-0.901,0.209255
700,-0.9,0.209255
701,-0.899,0.209255
702,-0.898,0.209255
703,-0.897,0.209255
704,-0.896,0.209255
705,-0.895,0.209255
706,-0.894,0.209255
707,-0.893,0.209255
708,-0.892,0.209255
709,-0.891,0.209255
710,-0.89,0.209255
711,-0.889,0.209255
712,-0.888,0.209255
713,-0.887,0.209255
714,-0.886,0.209255
715,-0.885,0.209255
716,-0.884,0.209255
717,-0.883,0.209255
718,-0.882,0.209255
719,-0.881,0.209255
720,-0.88,0.209255
721,-0.879,0.209255
722,-0.878,0.209255
723,-0.877,0.209255
724,-0.876,0.209255
725,-0.875,0.209255
726,-0.874,0.210993
727,-0.873,0.20056
728,-0.872,0.35184
729,-0.871,0.430089
730,-0.87,0.330974
731,-0.869,0.223165
732,-0.868,0.212732
733,-0.867,0.209255
734,-0.866,0.209255
735,-0.865,0.209255
736,-0.864,0.209255
737,-0.863,0.209255
738,-0.862,0.209255
739,-0.861,0.209255
740,-0.86,0.209255
741,-0.859,0.209255
742,-0.858,0.209255
743,-0.857,0.209255
744,-0.856,0.209255
745,-0.855,0.209255
746,-0.854,0.209255
747,-0.853,0.209255
748,-0.852,0.209255
749,-0.851,0.209255
750,-0.85,0.209255
751,-0.849,0.209255
752,-0.848,0.209255
753,-0.847,0.209255
754,-0.846,0.209255
755,-0.845,0.209255
756,-0.844,0.209255
757,-0.843,0.209255
758,-0.842,0.209255
759,-0.841,0.209255
760,-0.84,0.209255
761,-0.839,0.209255
762,-0.838,0.209255
763,-0.837,0.209255
764,-0.836,0.209255
765,-0.835,0.209255
766,-0.834,0.209255
767,-0.833,0.209255
768,-0.832,0.209255
769,-0.831,0.209255
770,-0.83,0.209255
771,-0.829,0.209255
772,-0.828,0.209255
773,-0.827,0.209255
774,-0.826,0.209255
775,-0.825,0.209255
776,-0.824,0.212732
777,-0.823,0.202299
778,-0.822,0.353579
779,-0.821,0.42835
780,-0.82,0.330974
781,-0.819,0.221427
782,-0.818,0.212732
783,-0.817,0.209255
784,-0.816,0.209255
785,-0.815,0.209255
786,-0.814,0.209255
787,-0.813,0.209255
788,-0.812,0.209255
789,-0.811,0.209255
790,-0.81,0.209255
791,-0.809,0.209255
792,-0.808,0.209255
793,-0.807,0.209255
794,-0.806,0.209255
795,-0.805,0.209255
796,-0.804,0.209255
797,-0.803,0.209255
798,-0.802,0.209255
799,-0.801,0.209255
800,-0.8,0.209255
801,-0.799,0.209255
802,-0.798,0.209255
803,-0.797,0.209255
804,-0.796,0.209255
805,-0.795,0.209255
806,-0.794,0.209255
807,-0.793,0.209255
808,-0.792,0.209255
809,-0.791,0.209255
810,-0.79,0.209255
811,-0.789,0.209255
812,-0.788,0.209255
813,-0.787,0.209255
814,-0.786,0.209255
815,-0.785,0.209255
816,-0.784,0.209255
817,-0.783,0.209255
818,-0.782,0.209255
819,-0.781,0.209255
820,-0.78,0.209255
821,-0.779,0.209255
822,-0.778,0.209255
823,-0.777,0.209255
824,-0.776,0.209255
825,-0.775,0.209255
826,-0.774,0.212732
827,-0.773,0.20056
828,-0.772,0.357057
829,-0.771,0.42835
830,-0.77,0.327496
831,-0.769,0.223165
832,-0.768,0.212732
833,-0.767,0.209255
834,-0.766,0.209255
835,-0.765,0.209255
836,-0.764,0.209255
837,-0.763,0.209255
838,-0.762,0.209255
839,-0.761,0.209255
840,-0.76,0.209255
841,-0.759,0.209255
842,-0.758,0.209255
843,-0.757,0.209255
844,-0.756,0.209255
845,-0.755,0.209255
846,-0.754,0.209255
847,-0.753,0.209255
848,-0.752,0.209255
849,-0.751,0.209255
850,-0.75,0.209255
851,-0.749,0.209255
852,-0.748,0.209255
853,-0.747,0.209255
854,-0.746,0.209255
855,-0.745,0.209255
856,-0.744,0.209255
857,-0.743,0.209255
858,-0.742,0.209255
859,-0.741,0.209255
860,-0.74,0.209255
861,-0.739,0.209255
862,-0.738,0.209255
863,-0.737,0.209255
864,-0.736,0.209255
865,-0.735,0.209255
866,-0.734,0.209255
867,-0.733,0.209255
868,-0.732,0.209255
869,-0.731,0.209255
870,-0.73,0.209255
871,-0.729,0.209255
872,-0.728,0.209255
873,-0.727,0.209255
874,-0.726,0.209255
875,-0.725,0.209255
876,-0.724,0.210993
877,-0.723,0.202299
878,-0.722,0.360535
879,-0.721,0.430089
880,-0.72,0.324019
881,-0.719,0.221427
882,-0.718,0.212732
883,-0.717,0.209255
884,-0.716,0.209255
885,-0.715,0.209255
886,-0.714,0.209255
887,-0.713,0.209255
888,-0.712,0.209255
889,-0.711,0.209255
890,-0.71,0.209255
891,-0.709,0.209255
892,-0.708,0.209255
893,-0.707,0.209255
894,-0.706,0.209255
895,-0.705,0.209255
896,-0.704,0.209255
897,-0.703,0.209255
898,-0.702,0.209255
899,-0.701,0.209255
900,-0.7,0.209255
901,-0.699,0.209255
902,-0.698,0.209255
903,-0.697,0.209255
904,-0.696,0.209255
905,-0.695,0.209255
906,-0.694,0.209255
907,-0.693,0.209255
908,-0.692,0.209255
909,-0.691,0.209255
910,-0.69,0.209255
911,-0.689,0.209255
912,-0.688,0.209255
913,-0.687,0.209255
914,-0.686,0.209255
915,-0.685,0.209255
916,-0.684,0.209255
917,-0.683,0.209255
918,-0.682,0.209255
919,-0.681,0.209255
920,-0.68,0.209255
921,-0.679,0.209255
922,-0.678,0.209255
923,-0.677,0.209255
924,-0.676,0.209255
925,-0.675,0.209255
926,-0.674,0.210993
927,-0.673,0.205777
928,-0.672,0.360535
929,-0.671,0.42835
930,-0.67,0.32228
931,-0.669,0.221427
932,-0.668,0.212732
933,-0.667,0.209255
934,-0.666,0.209255
935,-0.665,0.209255
936,-0.664,0.209255
937,-0.663,0.209255
938,-0.662,0.209255
939,-0.661,0.209255
940,-0.66,0.209255
941,-0.659,0.209255
942,-0.658,0.209255
943,-0.657,0.209255
944,-0.656,0.209255
945,-0.655,0.209255
946,-0.654,0.209255
947,-0.653,0.209255
948,-0.652,0.209255
949,-0.651,0.209255
950,-0.65,0.209255
951,-0.649,0.209255
952,-0.648,0.209255
953,-0.647,0.209255
954,-0.646,0.209255
955,-0.645,0.209255
956,-0.644,0.209255
957,-0.643,0.209255
958,-0.642,0.209255
959,-0.641,0.209255
960,-0.64,0.209255
961,-0.639,0.209255
962,-0.638,0.209255
963,-0.637,0.209255
964,-0.636,0.209255
965,-0.635,0.209255
966,-0.634,0.209255
967,-0.633,0.209255
968,-0.632,0.209255
969,-0.631,0.209255
970,-0.63,0.209255
971,-0.629,0.209255
972,-0.628,0.209255
973,-0.627,0.209255
974,-0.626,0.209255
975,-0.625,0.209255
976,-0.624,0.210993
977,-0.623,0.205777
978,-0.622,0.365751
979,-0.621,0.42835
980,-0.62,0.317063
981,-0.619,0.221427
982,-0.618,0.212732
983,-0.617,0.209255
984,-0.616,0.209255
985,-0.615,0.209255
986,-0.614,0.209255
987,-0.613,0.209255
988,-0.612,0.209255
989,-0.611,0.209255
990,-0.61,0.209255
991,-0.609,0.209255
992,-0.608,0.209255
993,-0.607,0.209255
994,-0.606,0.209255
995,-0.605,0.209255
996,-0.604,0.209255
997,-0.603,0.209255
998,-0.602,0.209255
999,-0.601,0.209255
1000,-0.6,0.209255
1001,-0.599,0.209255
1002,-0.598,0.209255
1003,-0.597,0.209255
1004,-0.596,0.209255
1005,-0.595,0.209255
1006,-0.594,0.209255
1007,-0.593,0.209255
1008,-0.592,0.209255
1009,-0.591,0.209255
1010,-0.59,0.209255
1011,-0.589,0.209255
1012,-0.588,0.209255
1013,-0.587,0.209255
1014,-0.586,0.209255
1015,-0.585,0.209255
1016,-0.584,0.209255
1017,-0.583,0.209255
1018,-0.582,0.209255
1019,-0.581,0.209255
1020,-0.58,0.209255
1021,-0.579,0.209255
1022,-0.578,0.209255
1023,-0.577,0.209255
1024,-0.576,0.209255
1025,-0.575,0.209255
1026,-0.574,0.212732
1027,-0.573,0.205777
1028,-0.572,0.370968
1029,-0.571,0.42835
1030,-0.57,0.311847
1031,-0.569,0.221427
1032,-0.568,0.212732
1033,-0.567,0.209255
1034,-0.566,0.209255
1035,-0.565,0.209255
1036,-0.564,0.209255
1037,-0.563,0.209255
1038,-0.562,0.209255
1039,-0.561,0.209255
1040,-0.56,0.209255
1041,-0.559,0.209255
1042,-0.558,0.209255
1043,-0.557,0.209255
1044,-0.556,0.209255
1045,-0.555,0.209255
1046,-0.554,0.209255
1047,-0.553,0.209255
1048,-0.552,0.209255
1049,-0.551,0.209255
1050,-0.55,0.209255
1051,-0.549,0.209255
1052,-0.548,0.209255
1053,-0.547,0.209255
1054,-0.546,0.209255
1055,-0.545,0.209255
1056,-0.544,0.209255
1057,-0.543,0.209255
1058,-0.542,0.209255
1059,-0.541,0.209255
1060,-0.54,0.209255
1061,-0.539,0.209255
1062,-0.538,0.209255
1063,-0.537,0.209255
1064,-0.536,0.209255
1065,-0.535,0.209255
1066,-0.534,0.209255
1067,-0.533,0.209255
1068,-0.532,0.209255
1069,-0.531,0.209255
1070,-0.53,0.209255
1071,-0.529,0.209255
1072,-0.528,0.209255
1073,-0.527,0.209255
1074,-0.526,0.209255
1075,-0.525,0.209255
1076,-0.524,0.212732
1077,-0.523,0.207516
1078,-0.522,0.374445
1079,-0.521,0.426611
1080,-0.52,0.310108
1081,-0.519,0.219688
1082,-0.518,0.210993
1083,-0.517,0.210993
1084,-0.516,0.209255
1085,-0.515,0.209255
1086,-0.514,0.209255
1087,-0.513,0.209255
1088,-0.512,0.209255
1089,-0.511,0.209255
1090,-0.51,0.209255
1091,-0.509,0.209255
1092,-0.508,0.209255
1093,-0.507,0.209255
1094,-0.506,0.209255
1095,-0.505,0.209255
1096,-0.504,0.209255
1097,-0.503,0.209255
1098,-0.502,0.209255
1099,-0.501,0.209255
1100,-0.5,0.209255
1101,-0.499,0.209255
1102,-0.498,0.209255
1103,-0.497,0.209255
1104,-0.496,0.209255
1105,-0.495,0.209255
1106,-0.494,0.209255
1107,-0.493,0.209255
1108,-0.492,0.209255
1109,-0.491,0.209255
1110,-0.49,0.209255
1111,-0.489,0.209255
1112,-0.488,0.209255
1113,-0.487,0.209255
1114,-0.486,0.209255
1115,-0.485,0.209255
1116,-0.484,0.209255
1117,-0.483,0.209255
1118,-0.482,0.209255
1119,-0.481,0.209255
1120,-0.48,0.209255
1121,-0.479,0.209255
1122,-0.478,0.209255
1123,-0.477,0.209255
1124,-0.476,0.209255
1125,-0.475,0.209255
1126,-0.474,0.212732
1127,-0.473,0.207516
1128,-0.472,0.377923
1129,-0.471,0.426611
1130,-0.47,0.304891
1131,-0.469,0.217949
1132,-0.468,0.212732
1133,-0.467,0.209255
1134,-0.466,0.209255
1135,-0.465,0.209255
1136,-0.464,0.209255
1137,-0.463,0.209255
1138,-0.462,0.209255
1139,-0.461,0.209255
1140,-0.46,0.209255
1141,-0.459,0.209255
1142,-0.458,0.209255
1143,-0.457,0.209255
1144,-0.456,0.209255
1145,-0.455,0.209255
1146,-0.454,0.209255
1147,-0.453,0.209255
1148,-0.452,0.209255
1149,-0.451,0.209255
1150,-0.45,0.209255
1151,-0.449,0.209255
1152,-0.448,0.209255
1153,-0.447,0.209255
1154,-0.446,0.209255
1155,-0.445,0.209255
1156,-0.444,0.209255
1157,-0.443,0.209255
1158,-0.442,0.209255
1159,-0.441,0.209255
1160,-0.44,0.209255
1161,-0.439,0.209255
1162,-0.438,0.209255
1163,-0.437,0.209255
1164,-0.436,0.209255
1165,-0.435,0.209255
1166,-0.434,0.209255
1167,-0.433,0.209255
1168,-0.432,0.209255
1169,-0.431,0.209255
1170,-0.43,0.209255
1171,-0.429,0.209255
1172,-0.428,0.209255
1173,-0.427,0.209255
1174,-0.426,0.209255
1175,-0.425,0.209255
1176,-0.424,0.212732
1177,-0.423,0.209255
1178,-0.422,0.38314
1179,-0.421,0.42835
1180,-0.42,0.301414
1181,-0.419,0.219688
1182,-0.418,0.210993
1183,-0.417,0.209255
1184,-0.416,0.209255
1185,-0.415,0.209255
1186,-0.414,0.209255
1187,-0.413,0.209255
1188,-0.412,0.209255
1189,-0.411,0.209255
1190,-0.41,0.209255
1191,-0.409,0.209255
1192,-0.408,0.209255
1193,-0.407,0.209255
1194,-0.406,0.209255
1195,-0.405,0.209255
1196,-0.404,0.209255
1197,-0.403,0.209255
1198,-0.402,0.209255
1199,-0.401,0.209255
1200,-0.4,0.209255
1201,-0.399,0.209255
1202,-0.398,0.209255
1203,-0.397,0.209255
1204,-0.396,0.209255
1205,-0.395,0.209255
1206,-0.394,0.209255
1207,-0.393,0.209255
1208,-0.392,0.209255
1209,-0.391,0.209255
1210,-0.39,0.209255
1211,-0.389,0.209255
1212,-0.388,0.209255
1213,-0.387,0.209255
1214,-0.386,0.209255
1215,-0.385,0.209255
1216,-0.384,0.209255
1217,-0.383,0.209255
1218,-0.382,0.209255
1219,-0.381,0.209255
1220,-0.38,0.209255
1221,-0.379,0.209255
1222,-0.378,0.209255
1223,-0.377,0.209255
1224,-0.376,0.209255
1225,-0.375,0.209255
1226,-0.374,0.212732
1227,-0.373,0.210993
1228,-0.372,0.38314
1229,-0.371,0.42835
1230,-0.37,0.297936
1231,-0.369,0.219688
1232,-0.368,0.209255
1233,-0.367,0.209255
1234,-0.366,0.209255
1235,-0.365,0.209255
1236,-0.364,0.209255
1237,-0.363,0.209255
1238,-0.362,0.209255
1239,-0.361,0.209255
1240,-0.36,0.209255
1241,-0.359,0.209255
1242,-0.358,0.209255
1243,-0.357,0.209255
1244,-0.356,0.209255
1245,-0.355,0.209255
1246,-0.354,0.209255
1247,-0.353,0.209255
1248,-0.352,0.209255
1249,-0.351,0.209255
1250,-0.35,0.209255
1251,-0.349,0.209255
1252,-0.348,0.209255
1253,-0.347,0.209255
1254,-0.346,0.209255
1255,-0.345,0.209255
1256,-0.344,0.209255
1257,-0.343,0.209255
1258,-0.342,0.209255
1259,-0.341,0.209255
1260,-0.34,0.209255
1261,-0.339,0.209255
1262,-0.338,0.209255
1263,-0.337,0.209255
1264,-0.336,0.209255
1265,-0.335,0.209255
1266,-0.334,0.209255
1267,-0.333,0.209255
1268,-0.332,0.209255
1269,-0.331,0.209255
1270,-0.33,0.209255
1271,-0.329,0.209255
1272,-0.328,0.209255
1273,-0.327,0.209255
1274,-0.326,0.209255
1275,-0.325,0.209255
1276,-0.324,0.212732
1277,-0.323,0.212732
1278,-0.322,0.388356
1279,-0.321,0.426611
1280,-0.32,0.294458
1281,-0.319,0.219688
1282,-0.318,0.209255
1283,-0.317,0.209255
1284,-0.316,0.209255
1285,-0.315,0.209255
1286,-0.314,0.209255
1287,-0.313,0.209255
1288,-0.312,0.209255
1289,-0.311,0.209255
1290,-0.31,0.209255
1291,-0.309,0.209255
1292,-0.308,0.209255
1293,-0.307,0.209255
1294,-0.306,0.209255
1295,-0.305,0.209255
1296,-0.304,0.209255
1297,-0.303,0.209255
1298,-0.302,0.209255
1299,-0.301,0.209255
1300,-0.3,0.209255
1301,-0.299,0.209255
1302,-0.298,0.209255
1303,-0.297,0.209255
1304,-0.296,0.209255
1305,-0.295,0.209255
1306,-0.294,0.209255
1307,-0.293,0.209255
1308,-0.292,0.209255
1309,-0.291,0.209255
1310,-0.29,0.209255
1311,-0.289,0.209255
1312,-0.288,0.209255
1313,-0.287,0.209255
1314,-0.286,0.209255
1315,-0.285,0.209255
1316,-0.284,0.209255
1317,-0.283,0.209255
1318,-0.282,0.209255
1319,-0.281,0.209255
1320,-0.28,0.209255
1321,-0.279,0.209255
1322,-0.278,0.209255
1323,-0.277,0.209255
1324,-0.276,0.209255
1325,-0.275,0.209255
1326,-0.274,0.212732
1327,-0.273,0.212732
1328,-0.272,0.391834
1329,-0.271,0.426611
1330,-0.27,0.290981
1331,-0.269,0.217949
1332,-0.268,0.209255
1333,-0.267,0.209255
1334,-0.266,0.209255
1335,-0.265,0.209255
1336,-0.264,0.209255
1337,-0.263,0.209255
1338,-0.262,0.209255
1339,-0.261,0.209255
1340,-0.26,0.209255
1341,-0.259,0.209255
1342,-0.258,0.209255
1343,-0.257,0.209255
1344,-0.256,0.209255
1345,-0.255,0.209255
1346,-0.254,0.209255
1347,-0.253,0.209255
1348,-0.252,0.209255
1349,-0.251,0.209255
1350,-0.25,0.209255
1351,-0.249,0.209255
1352,-0.248,0.209255
1353,-0.247,0.209255
1354,-0.246,0.209255
1355,-0.245,0.209255
1356,-0.244,0.209255
1357,-0.243,0.209255
1358,-0.242,0.209255
1359,-0.241,0.209255
1360,-0.24,0.209255
1361,-0.239,0.209255
1362,-0.238,0.209255
1363,-0.237,0.209255
1364,-0.236,0.209255
1365,-0.235,0.209255
1366,-0.234,0.209255
1367,-0.233,0.209255
1368,-0.232,0.209255
1369,-0.231,0.209255
1370,-0.23,0.209255
1371,-0.229,0.209255
1372,-0.228,0.209255
1373,-0.227,0.209255
1374,-0.226,0.209255
1375,-0.225,0.209255
1376,-0.224,0.212732
1377,-0.223,0.21621
1378,-0.222,0.393573
1379,-0.221,0.423133
1380,-0.22,0.285764
1381,-0.219,0.219688
1382,-0.218,0.209255
1383,-0.217,0.209255
1384,-0.216,0.209255
1385,-0.215,0.209255
1386,-0.214,0.209255
1387,-0.213,0.209255
1388,-0.212,0.209255
1389,-0.211,0.209255
1390,-0.21,0.209255
1391,-0.209,0.209255
1392,-0.208,0.209255
1393,-0.207,0.209255
1394,-0.206,0.209255
1395,-0.205,0.209255
1396,-0.204,0.209255
1397,-0.203,0.209255
1398,-0.202,0.209255
1399,-0.201,0.209255
1400,-0.2,0.209255
1401,-0.199,0.209255
1402,-0.198,0.209255
1403,-0.197,0.209255
1404,-0.196,0.209255
1405,-0.195,0.209255
1406,-0.194,0.209255
1407,-0.193,0.209255
1408,-0.192,0.209255
1409,-0.191,0.209255
1410,-0.19,0.209255
1411,-0.189,0.209255
1412,-0.188,0.209255
1413,-0.187,0.209255
1414,-0.186,0.209255
1415,-0.185,0.209255
1416,-0.184,0.209255
1417,-0.183,0.209255
1418,-0.182,0.209255
1419,-0.181,0.209255
1420,-0.18,0.209255
1421,-0.179,0.209255
1422,-0.178,0.209255
1423,-0.177,0.209255
1424,-0.176,0.209255
1425,-0.175,0.209255
1426,-0.174,0.212732
1427,-0.173,0.21621
1428,-0.172,0.39705
1429,-0.171,0.424872
1430,-0.17,0.284025
1431,-0.169,0.217949
1432,-0.168,0.210993
1433,-0.167,0.209255
1434,-0.166,0.209255
1435,-0.165,0.209255
1436,-0.164,0.209255
1437,-0.163,0.209255
1438,-0.162,0.209255
1439,-0.161,0.209255
1440,-0.16,0.209255
1441,-0.159,0.209255
1442,-0.158,0.209255
1443,-0.157,0.209255
1444,-0.156,0.209255
1445,-0.155,0.209255
1446,-0.154,0.209255
1447,-0.153,0.209255
1448,-0.152,0.209255
1449,-0.151,0.209255
1450,-0.15,0.209255
1451,-0.149,0.209255
1452,-0.148,0.209255
1453,-0.147,0.209255
1454,-0.146,0.209255
1455,-0.145,0.209255
1456,-0.144,0.209255
1457,-0.143,0.209255
1458,-0.142,0.209255
1459,-0.141,0.209255
1460,-0.14,0.209255
1461,-0.139,0.209255
1462,-0.138,0.209255
1463,-0.137,0.209255
1464,-0.136,0.209255
1465,-0.135,0.209255
1466,-0.134,0.209255
1467,-0.133,0.209255
1468,-0.132,0.209255
1469,-0.131,0.209255
1470,-0.13,0.209255
1471,-0.129,0.209255
1472,-0.128,0.209255
1473,-0.127,0.209255
1474,-0.126,0.209255
1475,-0.125,0.209255
1476,-0.124,0.212732
1477,-0.123,0.219688
1478,-0.122,0.39705
1479,-0.121,0.416178
1480,-0.12,0.407484
1481,-0.119,0.438783
1482,-0.118,0.440522
1483,-0.117,0.442261
1484,-0.116,0.442261
1485,-0.115,0.442261
1486,-0.114,0.440522
1487,-0.113,0.442261
1488,-0.112,0.442261
1489,-0.111,0.442261
1490,-0.11,0.442261
1491,-0.109,0.442261
1492,-0.108,0.442261
1493,-0.107,0.442261
1494,-0.106,0.442261
1495,-0.105,0.442261
1496,-0.104,0.442261
1497,-0.103,0.442261
1498,-0.102,0.442261
1499,-0.101,0.442261
1500,-0.1,0.442261
1501,-0.099,0.442261
1502,-0.098,0.440522
1503,-0.097,0.442261
1504,-0.096,0.442261
1505,-0.095,0.442261
1506,-0.094,0.438783
1507,-0.093,0.442261
1508,-0.092,0.442261
1509,-0.091,0.442261
1510,-0.09,0.440522
1511,-0.089,0.442261
1512,-0.088,0.440522
1513,-0.087,0.442261
1514,-0.086,0.440522
1515,-0.085,0.442261
1516,-0.084,0.440522
1517,-0.083,0.442261
1518,-0.082,0.442261
1519,-0.081,0.443999
1520,-0.08,0.405745
1521,-0.079,0.407484
1522,-0.078,0.419656
1523,-0.077,0.404006
1524,-0.076,0.23186
1525,-0.075,0.209255
1526,-0.074,0.205777
1527,-0.073,0.205777
1528,-0.072,0.205777
1529,-0.071,0.205777
1530,-0.07,0.205777
1531,-0.069,0.202299
1532,-0.068,0.207516
1533,-0.067,0.205777
1534,-0.066,0.205777
1535,-0.065,0.205777
1536,-0.064,0.205777
1537,-0.063,0.205777
1538,-0.062,0.207516
1539,-0.061,0.217949
1540,-0.06,0.336191
1541,-0.059,0.21621
1542,-0.058,0.207516
1543,-0.057,0.207516
1544,-0.056,0.202299
1545,-0.055,0.202299
1546,-0.054,0.202299
1547,-0.053,0.202299
1548,-0.052,0.202299
1549,-0.051,0.202299
1550,-0.05,0.202299
1551,-0.049,0.202299
1552,-0.048,0.202299
1553,-0.047,0.207516
1554,-0.046,0.193605
1555,-0.045,0.33793
1556,-0.044,0.235337
1557,-0.043,0.209255
1558,-0.042,0.205777
1559,-0.041,0.205777
1560,-0.04,0.205777
1561,-0.039,0.205777
1562,-0.038,0.202299
1563,-0.037,0.202299
1564,-0.036,0.202299
1565,-0.035,0.202299
1566,-0.034,0.202299
1567,-0.033,0.202299
1568,-0.032,0.202299
1569,-0.031,0.20056
1570,-0.03,0.275331
1571,-0.029,0.290981
1572,-0.028,0.212732
1573,-0.027,0.207516
1574,-0.026,0.205777
1575,-0.025,0.205777
1576,-0.024,0.205777
1577,-0.023,0.205777
1578,-0.022,0.205777
1579,-0.021,0.205777
1580,-0.02,0.205777
1581,-0.019,0.205777
1582,-0.018,0.202299
1583,-0.017,0.202299
1584,-0.016,0.207516
1585,-0.015,0.209255
1586,-0.014,0.343146
1587,-0.013,0.217949
1588,-0.012,0.207516
1589,-0.011,0.207516
1590,-0.01,0.202299
1591,-0.009,0.202299
1592,-0.008,0.202299
1593,-0.007,0.202299
1594,-0.006,0.202299
1595,-0.005,0.205777
1596,-0.004,0.205777
1597,-0.003,0.202299
1598,-0.002,0.202299
1599,-0.001,0.205777
1600,0,0.195344
1601,0.001,0.327496
1602,0.002,0.24577
1603,0.003,0.210993
1604,0.004,0.205777
1605,0.005,0.205777
1606,0.006,0.202299
1607,0.007,0.202299
1608,0.008,0.202299
1609,0.009,0.202299
1610,0.01,0.202299
1611,0.011,0.202299
1612,0.012,0.202299
1613,0.013,0.202299
1614,0.014,0.205777
1615,0.015,0.202299
1616,0.016,0.254465
1617,0.017,0.304891
1618,0.018,0.214471
1619,0.019,0.207516
1620,0.02,0.207516
1621,0.021,0.202299
1622,0.022,0.202299
1623,0.023,0.202299
1624,0.024,0.202299
1625,0.025,0.202299
1626,0.026,0.202299
1627,0.027,0.202299
1628,0.028,0.202299
1629,0.029,0.202299
1630,0.03,0.207516
1631,0.031,0.20056
1632,0.032,0.346624
1633,0.033,0.221427
1634,0.034,0.209255
1635,0.035,0.205777
1636,0.036,0.205777
1637,0.037,0.205777
1638,0.038,0.205777
1639,0.039,0.207516
1640,0.04,0.202299
1641,0.041,0.205777
1642,0.042,0.202299
1643,0.043,0.202299
1644,0.044,0.202299
1645,0.045,0.205777
1646,0.046,0.197083
1647,0.047,0.250987
1648,0.048,0.210993
1649,0.049,0.207516
1650,0.05,0.205777
1651,0.051,0.219688
1652,0.052,0.205777
1653,0.053,0.207516
1654,0.054,0.202299
1655,0.055,0.205777
1656,0.056,0.202299
1657,0.057,0.357057
1658,0.058,0.393573
1659,0.059,0.393573
1660,0.06,0.395312
1661,0.061,0.395312
1662,0.062,0.395312
1663,0.063,0.395312
1664,0.064,0.395312
1665,0.065,0.395312
1666,0.066,0.395312
1667,0.067,0.395312
1668,0.068,0.395312
1669,0.069,0.393573
1670,0.07,0.400528
1671,0.071,0.304891
1672,0.072,0.217949
1673,0.073,0.212732
1674,0.074,0.209255
1675,0.075,0.209255
1676,0.076,0.209255
1677,0.077,0.209255
1678,0.078,0.209255
1679,0.079,0.209255
1680,0.08,0.209255
1681,0.081,0.209255
1682,0.082,0.209255
1683,0.083,0.209255
1684,0.084,0.209255
1685,0.085,0.209255
1686,0.086,0.209255
1687,0.087,0.209255
1688,0.088,0.209255
1689,0.089,0.209255
1690,0.09,0.209255
1691,0.091,0.209255
1692,0.092,0.209255
1693,0.093,0.209255
1694,0.094,0.209255
1695,0.095,0.209255
1696,0.096,0.209255
1697,0.097,0.209255
1698,0.098,0.209255
1699,0.099,0.209255
1700,0.1,0.209255
1701,0.101,0.209255
1702,0.102,0.209255
1703,0.103,0.209255
1704,0.104,0.209255
1705,0.105,0.209255
1706,0.106,0.209255
1707,0.107,0.209255
1708,0.108,0.209255
1709,0.109,0.209255
1710,0.11,0.209255
1711,0.111,0.209255
1712,0.112,0.209255
1713,0.113,0.209255
1714,0.114,0.209255
1715,0.115,0.209255
1716,0.116,0.209255
1717,0.117,0.209255
1718,0.118,0.209255
1719,0.119,0.210993
1720,0.12,0.202299
1721,0.121,0.329235
1722,0.122,0.426611
1723,0.123,0.350102
1724,0.124,0.224904
1725,0.125,0.212732
1726,0.126,0.209255
1727,0.127,0.209255
1728,0.128,0.209255
1729,0.129,0.209255
1730,0.13,0.209255
1731,0.131,0.209255
1732,0.132,0.209255
1733,0.133,0.209255
1734,0.134,0.209255
1735,0.135,0.209255
1736,0.136,0.209255
1737,0.137,0.209255
1738,0.138,0.209255
1739,0.139,0.209255
1740,0.14,0.209255
1741,0.141,0.209255
1742,0.142,0.209255
1743,0.143,0.209255
1744,0.144,0.209255
1745,0.145,0.209255
1746,0.146,0.209255
1747,0.147,0.209255
1748,0.148,0.209255
1749,0.149,0.209255
1750,0.15,0.209255
1751,0.151,0.209255
1752,0.152,0.209255
1753,0.153,0.209255
1754,0.154,0.209255
1755,0.155,0.209255
1756,0.156,0.209255
1757,0.157,0.209255
1758,0.158,0.209255
1759,0.159,0.209255
1760,0.16,0.209255
1761,0.161,0.209255
1762,0.162,0.209255
1763,0.163,0.209255
1764,0.164,0.209255
1765,0.165,0.209255
1766,0.166,0.209255
1767,0.167,0.209255
1768,0.168,0.209255
1769,0.169,0.210993
1770,0.17,0.202299
1771,0.171,0.332713
1772,0.172,0.42835
1773,0.173,0.350102
1774,0.174,0.223165
1775,0.175,0.214471
1776,0.176,0.209255
1777,0.177,0.209255
1778,0.178,0.209255
1779,0.179,0.209255
1780,0.18,0.209255
1781,0.181,0.209255
1782,0.182,0.209255
1783,0.183,0.209255
1784,0.184,0.209255
1785,0.185,0.209255
1786,0.186,0.209255
1787,0.187,0.209255
1788,0.188,0.209255
1789,0.189,0.209255
1790,0.19,0.209255
1791,0.191,0.209255
1792,0.192,0.209255
1793,0.193,0.209255
1794,0.194,0.209255
1795,0.195,0.209255
1796,0.196,0.209255
1797,0.197,0.209255
1798,0.198,0.209255
1799,0.199,0.209255
1800,0.2,0.209255
1801,0.201,0.209255
1802,0.202,0.209255
1803,0.203,0.209255
1804,0.204,0.209255
1805,0.205,0.209255
1806,0.206,0.209255
1807,0.207,0.209255
1808,0.208,0.209255
1809,0.209,0.209255
1810,0.21,0.209255
1811,0.211,0.209255
1812,0.212,0.209255
1813,0.213,0.209255
1814,0.214,0.209255
1815,0.215,0.209255
1816,0.216,0.209255
1817,0.217,0.209255
1818,0.218,0.209255
1819,0.219,0.210993
1820,0.22,0.202299
1821,0.221,0.336191
1822,0.222,0.42835
1823,0.223,0.346624
1824,0.224,0.223165
1825,0.225,0.212732
1826,0.226,0.209255
1827,0.227,0.209255
1828,0.228,0.209255
1829,0.229,0.209255
1830,0.23,0.209255
1831,0.231,0.209255
1832,0.232,0.209255
1833,0.233,0.209255
1834,0.234,0.209255
1835,0.235,0.209255
1836,0.236,0.209255
1837,0.237,0.209255
1838,0.238,0.209255
1839,0.239,0.209255
1840,0.24,0.209255
1841,0.241,0.209255
1842,0.242,0.209255
1843,0.243,0.209255
1844,0.244,0.209255
1845,0.245,0.209255
1846,0.246,0.209255
1847,0.247,0.209255
1848,0.248,0.209255
1849,0.249,0.209255
1850,0.25,0.209255
1851,0.251,0.209255
1852,0.252,0.209255
1853,0.253,0.209255
1854,0.254,0.209255
1855,0.255,0.209255
1856,0.256,0.209255
1857,0.257,0.209255
1858,0.258,0.209255
1859,0.259,0.209255
1860,0.26,0.209255
1861,0.261,0.209255
1862,0.262,0.209255
1863,0.263,0.209255
1864,0.264,0.209255
1865,0.265,0.209255
1866,0.266,0.209255
1867,0.267,0.209255
1868,0.268,0.209255
1869,0.269,0.210993
1870,0.27,0.202299
1871,0.271,0.339668
1872,0.272,0.42835
1873,0.273,0.344885
1874,0.274,0.223165
1875,0.275,0.212732
1876,0.276,0.209255
1877,0.277,0.209255
1878,0.278,0.209255
1879,0.279,0.209255
1880,0.28,0.209255
1881,0.281,0.209255
1882,0.282,0.209255
1883,0.283,0.209255
1884,0.284,0.209255
1885,0.285,0.209255
1886,0.286,0.209255
1887,0.287,0.209255
1888,0.288,0.209255
1889,0.289,0.209255
1890,0.29,0.209255
1891,0.291,0.209255
1892,0.292,0.209255
1893,0.293,0.209255
1894,0.294,0.209255
1895,0.295,0.209255
1896,0.296,0.209255
1897,0.297,0.209255
1898,0.298,0.209255
1899,0.299,0.209255
1900,0.3,0.209255
1901,0.301,0.209255
1902,0.302,0.209255
1903,0.303,0.209255
1904,0.304,0.209255
1905,0.305,0.209255
1906,0.306,0.209255
1907,0.307,0.209255
1908,0.308,0.209255
1909,0.309,0.209255
1910,0.31,0.209255
1911,0.311,0.209255
1912,0.312,0.209255
1913,0.313,0.209255
1914,0.314,0.209255
1915,0.315,0.209255
1916,0.316,0.209255
1917,0.317,0.209255
1918,0.318,0.209255
1919,0.319,0.210993
1920,0.32,0.202299
1921,0.321,0.343146
1922,0.322,0.426611
1923,0.323,0.343146
1924,0.324,0.221427
1925,0.325,0.212732
1926,0.326,0.209255
1927,0.327,0.209255
1928,0.328,0.209255
1929,0.329,0.209255
1930,0.33,0.209255
1931,0.331,0.209255
1932,0.332,0.209255
1933,0.333,0.209255
1934,0.334,0.209255
1935,0.335,0.209255
1936,0.336,0.209255
1937,0.337,0.209255
1938,0.338,0.209255
1939,0.339,0.209255
1940,0.34,0.209255
1941,0.341,0.209255
1942,0.342,0.209255
1943,0.343,0.209255
1944,0.344,0.209255
1945,0.345,0.209255
1946,0.346,0.209255
1947,0.347,0.209255
1948,0.348,0.209255
1949,0.349,0.209255
1950,0.35,0.209255
1951,0.351,0.209255
1952,0.352,0.209255
1953,0.353,0.209255
1954,0.354,0.209255
1955,0.355,0.209255
1956,0.356,0.209255
1957,0.357,0.209255
1958,0.358,0.209255
1959,0.359,0.209255
1960,0.36,0.209255
1961,0.361,0.209255
1962,0.362,0.209255
1963,0.363,0.209255
1964,0.364,0.209255
1965,0.365,0.209255
1966,0.366,0.209255
1967,0.367,0.209255
1968,0.368,0.209255
1969,0.369,0.210993
1970,0.37,0.20056
1971,0.371,0.343146
1972,0.372,0.42835
1973,0.373,0.343146
1974,0.374,0.221427
1975,0.375,0.212732
1976,0.376,0.209255
1977,0.377,0.209255
1978,0.378,0.209255
1979,0.379,0.209255
1980,0.38,0.209255
1981,0.381,0.209255
1982,0.382,0.209255
1983,0.383,0.209255
1984,0.384,0.209255
1985,0.385,0.209255
1986,0.386,0.209255
1987,0.387,0.209255
1988,0.388,0.209255
1989,0.389,0.209255
1990,0.39,0.209255
1991,0.391,0.209255
1992,0.392,0.209255
1993,0.393,0.209255
1994,0.394,0.209255
1995,0.395,0.209255
1996,0.396,0.209255
1997,0.397,0.209255
1998,0.398,0.209255
1999,0.399,0.209255
2000,0.4,0.209255
2001,0.401,0.209255
2002,0.402,0.209255
2003,0.403,0.209255
2004,0.404,0.209255
2005,0.405,0.209255
2006,0.406,0.209255
2007,0.407,0.209255
2008,0.408,0.209255
2009,0.409,0.209255
2010,0.41,0.209255
2011,0.411,0.209255
2012,0.412,0.209255
2013,0.413,0.209255
2014,0.414,0.209255
2015,0.415,0.209255
2016,0.416,0.209255
2017,0.417,0.209255
2018,0.418,0.209255
2019,0.419,0.210993
2020,0.42,0.20056
2021,0.421,0.348363
2022,0.422,0.42835
2023,0.423,0.336191
2024,0.424,0.221427
2025,0.425,0.212732
2026,0.426,0.209255
2027,0.427,0.209255
2028,0.428,0.209255
2029,0.429,0.209255
2030,0.43,0.209255
2031,0.431,0.209255
2032,0.432,0.209255
2033,0.433,0.209255
2034,0.434,0.209255
2035,0.435,0.209255
2036,0.436,0.209255
2037,0.437,0.209255
2038,0.438,0.209255
2039,0.439,0.209255
2040,0.44,0.209255
2041,0.441,0.209255
2042,0.442,0.209255
2043,0.443,0.209255
2044,0.444,0.209255
2045,0.445,0.209255
2046,0.446,0.209255
2047,0.447,0.209255
2048,0.448,0.209255
2049,0.449,0.209255
2050,0.45,0.209255
2051,0.451,0.209255
2052,0.452,0.209255
2053,0.453,0.209255
2054,0.454,0.209255
2055,0.455,0.209255
2056,0.456,0.209255
2057,0.457,0.209255
2058,0.458,0.209255
2059,0.459,0.209255
2060,0.46,0.209255
2061,0.461,0.209255
2062,0.462,0.209255
2063,0.463,0.209255
2064,0.464,0.209255
2065,0.465,0.209255
2066,0.466,0.209255
2067,0.467,0.209255
2068,0.468,0.209255
2069,0.469,0.210993
2070,0.47,0.202299
2071,0.471,0.350102
2072,0.472,0.42835
2073,0.473,0.334452
2074,0.474,0.221427
2075,0.475,0.212732
2076,0.476,0.209255
2077,0.477,0.209255
2078,0.478,0.209255
2079,0.479,0.209255
2080,0.48,0.209255
2081,0.481,0.209255
2082,0.482,0.209255
2083,0.483,0.209255
2084,0.484,0.209255
2085,0.485,0.209255
2086,0.486,0.209255
2087,0.487,0.209255
2088,0.488,0.209255
2089,0.489,0.209255
2090,0.49,0.209255
2091,0.491,0.209255
2092,0.492,0.209255
2093,0.493,0.209255
2094,0.494,0.209255
2095,0.495,0.209255
2096,0.496,0.209255
2097,0.497,0.209255
2098,0.498,0.209255
2099,0.499,0.209255
2100,0.5,0.209255
2101,0.501,0.209255
2102,0.502,0.209255
2103,0.503,0.209255
2104,0.504,0.209255
2105,0.505,0.209255
2106,0.506,0.209255
2107,0.507,0.209255
2108,0.508,0.209255
2109,0.509,0.209255
2110,0.51,0.209255
2111,0.511,0.209255
2112,0.512,0.209255
2113,0.513,0.209255
2114,0.514,0.209255
2115,0.515,0.209255
2116,0.516,0.209255
2117,0.517,0.209255
2118,0.518,0.209255
2119,0.519,0.212732
2120,0.52,0.202299
2121,0.521,0.353579
2122,0.522,0.42835
2123,0.523,0.330974
2124,0.524,0.221427
2125,0.525,0.212732
2126,0.526,0.209255
2127,0.527,0.209255
2128,0.528,0.209255
2129,0.529,0.209255
2130,0.53,0.209255
2131,0.531,0.209255
2132,0.532,0.209255
2133,0.533,0.209255
2134,0.534,0.209255
2135,0.535,0.209255
2136,0.536,0.209255
2137,0.537,0.209255
2138,0.538,0.209255
2139,0.539,0.209255
2140,0.54,0.209255
2141,0.541,0.209255
2142,0.542,0.209255
2143,0.543,0.209255
2144,0.544,0.209255
2145,0.545,0.209255
2146,0.546,0.209255
2147,0.547,0.209255
2148,0.548,0.209255
2149,0.549,0.209255
2150,0.55,0.209255
2151,0.551,0.209255
2152,0.552,0.209255
2153,0.553,0.209255
2154,0.554,0.209255
2155,0.555,0.209255
2156,0.556,0.209255
2157,0.557,0.209255
2158,0.558,0.209255
2159,0.559,0.209255
2160,0.56,0.209255
2161,0.561,0.209255
2162,0.562,0.209255
2163,0.563,0.209255
2164,0.564,0.209255
2165,0.565,0.209255
2166,0.566,0.209255
2167,0.567,0.209255
2168,0.568,0.209255
2169,0.569,0.212732
2170,0.57,0.202299
2171,0.571,0.355318
2172,0.572,0.430089
2173,0.573,0.329235
2174,0.574,0.221427
2175,0.575,0.212732
2176,0.576,0.209255
2177,0.577,0.209255
2178,0.578,0.209255
2179,0.579,0.209255
2180,0.58,0.209255
2181,0.581,0.209255
2182,0.582,0.209255
2183,0.583,0.209255
2184,0.584,0.209255
2185,0.585,0.209255
2186,0.586,0.209255
2187,0.587,0.209255
2188,0.588,0.209255
2189,0.589,0.209255
2190,0.59,0.209255
2191,0.591,0.209255
2192,0.592,0.209255
2193,0.593,0.209255
2194,0.594,0.209255
2195,0.595,0.209255
2196,0.596,0.209255
2197,0.597,0.209255
2198,0.598,0.209255
2199,0.599,0.209255
2200,0.6,0.209255
2201,0.601,0.209255
2202,0.602,0.209255
2203,0.603,0.209255
2204,0.604,0.209255
2205,0.605,0.209255
2206,0.606,0.209255
2207,0.607,0.209255
2208,0.608,0.209255
2209,0.609,0.209255
2210,0.61,0.209255
2211,0.611,0.209255
2212,0.612,0.209255
2213,0.613,0.209255
2214,0.614,0.209255
2215,0.615,0.209255
2216,0.616,0.209255
2217,0.617,0.209255
2218,0.618,0.209255
2219,0.619,0.212732
2220,0.62,0.202299
2221,0.621,0.357057
2222,0.622,0.430089
2223,0.623,0.325758
2224,0.624,0.219688
2225,0.625,0.210993
2226,0.626,0.210993
2227,0.627,0.209255
2228,0.628,0.209255
2229,0.629,0.209255
2230,0.63,0.209255
2231,0.631,0.209255
2232,0.632,0.209255
2233,0.633,0.209255
2234,0.634,0.209255
2235,0.635,0.209255
2236,0.636,0.209255
2237,0.637,0.209255
2238,0.638,0.209255
2239,0.639,0.209255
2240,0.64,0.209255
2241,0.641,0.209255
2242,0.642,0.209255
2243,0.643,0.209255
2244,0.644,0.209255
2245,0.645,0.209255
2246,0.646,0.209255
2247,0.647,0.209255
2248,0.648,0.209255
2249,0.649,0.209255
2250,0.65,0.209255
2251,0.651,0.209255
2252,0.652,0.209255
2253,0.653,0.209255
2254,0.654,0.209255
2255,0.655,0.209255
2256,0.656,0.209255
2257,0.657,0.209255
2258,0.658,0.209255
2259,0.659,0.209255
2260,0.66,0.209255
2261,0.661,0.209255
2262,0.662,0.209255
2263,0.663,0.209255
2264,0.664,0.209255
2265,0.665,0.209255
2266,0.666,0.209255
2267,0.667,0.209255
2268,0.668,0.209255
2269,0.669,0.210993
2270,0.67,0.202299
2271,0.671,0.358796
2272,0.672,0.42835
2273,0.673,0.324019
2274,0.674,0.221427
2275,0.675,0.212732
2276,0.676,0.209255
2277,0.677,0.209255
2278,0.678,0.209255
2279,0.679,0.209255
2280,0.68,0.209255
2281,0.681,0.209255
2282,0.682,0.209255
2283,0.683,0.209255
2284,0.684,0.209255
2285,0.685,0.209255
2286,0.686,0.209255
2287,0.687,0.209255
2288,0.688,0.209255
2289,0.689,0.209255
2290,0.69,0.209255
2291,0.691,0.209255
2292,0.692,0.209255
2293,0.693,0.209255
2294,0.694,0.209255
2295,0.695,0.209255
2296,0.696,0.209255
2297,0.697,0.209255
2298,0.698,0.209255
2299,0.699,0.209255
2300,0.7,0.209255
2301,0.701,0.209255
2302,0.702,0.209255
2303,0.703,0.209255
2304,0.704,0.209255
2305,0.705,0.209255
2306,0.706,0.209255
2307,0.707,0.209255
2308,0.708,0.209255
2309,0.709,0.209255
2310,0.71,0.209255
2311,0.711,0.209255
2312,0.712,0.209255
2313,0.713,0.209255
2314,0.714,0.209255
2315,0.715,0.209255
2316,0.716,0.209255
2317,0.717,0.209255
2318,0.718,0.209255
2319,0.719,0.210993
2320,0.72,0.202299
2321,0.721,0.360535
2322,0.722,0.430089
2323,0.723,0.324019
2324,0.724,0.219688
2325,0.725,0.210993
2326,0.726,0.210993
2327,0.727,0.209255
2328,0.728,0.209255
2329,0.729,0.209255
2330,0.73,0.209255
2331,0.731,0.209255
2332,0.732,0.209255
2333,0.733,0.209255
2334,0.734,0.209255
2335,0.735,0.209255
2336,0.736,0.209255
2337,0.737,0.209255
2338,0.738,0.209255
2339,0.739,0.209255
2340,0.74,0.209255
2341,0.741,0.209255
2342,0.742,0.209255
2343,0.743,0.209255
2344,0.744,0.209255
2345,0.745,0.209255
2346,0.746,0.209255
2347,0.747,0.209255
2348,0.748,0.209255
2349,0.749,0.209255
2350,0.75,0.209255
2351,0.751,0.209255
2352,0.752,0.209255
2353,0.753,0.209255
2354,0.754,0.209255
2355,0.755,0.209255
2356,0.756,0.209255
2357,0.757,0.209255
2358,0.758,0.209255
2359,0.759,0.209255
2360,0.76,0.209255
2361,0.761,0.209255
2362,0.762,0.209255
2363,0.763,0.209255
2364,0.764,0.209255
2365,0.765,0.209255
2366,0.766,0.209255
2367,0.767,0.209255
2368,0.768,0.209255
2369,0.769,0.210993
2370,0.77,0.202299
2371,0.771,0.360535
2372,0.772,0.42835
2373,0.773,0.324019
2374,0.774,0.221427
2375,0.775,0.212732
2376,0.776,0.209255
2377,0.777,0.209255
2378,0.778,0.209255
2379,0.779,0.209255
2380,0.78,0.209255
2381,0.781,0.209255
2382,0.782,0.209255
2383,0.783,0.209255
2384,0.784,0.209255
2385,0.785,0.209255
2386,0.786,0.209255
2387,0.787,0.209255
2388,0.788,0.209255
2389,0.789,0.209255
2390,0.79,0.209255
2391,0.791,0.209255
2392,0.792,0.209255
2393,0.793,0.209255
2394,0.794,0.209255
2395,0.795,0.209255
2396,0.796,0.209255
2397,0.797,0.209255
2398,0.798,0.209255
2399,0.799,0.209255
2400,0.8,0.209255
2401,0.801,0.209255
2402,0.802,0.209255
2403,0.803,0.209255
2404,0.804,0.209255
2405,0.805,0.209255
2406,0.806,0.209255
2407,0.807,0.209255
2408,0.808,0.209255
2409,0.809,0.209255
2410,0.81,0.209255
2411,0.811,0.209255
2412,0.812,0.209255
2413,0.813,0.209255
2414,0.814,0.209255
2415,0.815,0.209255
2416,0.816,0.209255
2417,0.817,0.209255
2418,0.818,0.209255
2419,0.819,0.210993
2420,0.82,0.205777
2421,0.821,0.360535
2422,0.822,0.42835
2423,0.823,0.324019
2424,0.824,0.219688
2425,0.825,0.212732
2426,0.826,0.209255
2427,0.827,0.209255
2428,0.828,0.209255
2429,0.829,0.209255
2430,0.83,0.209255
2431,0.831,0.209255
2432,0.832,0.209255
2433,0.833,0.209255
2434,0.834,0.209255
2435,0.835,0.209255
2436,0.836,0.209255
2437,0.837,0.209255
2438,0.838,0.209255
2439,0.839,0.209255
2440,0.84,0.209255
2441,0.841,0.209255
2442,0.842,0.209255
2443,0.843,0.209255
2444,0.844,0.209255
2445,0.845,0.209255
2446,0.846,0.209255
2447,0.847,0.209255
2448,0.848,0.209255
2449,0.849,0.209255
2450,0.85,0.209255
2451,0.851,0.209255
2452,0.852,0.209255
2453,0.853,0.209255
2454,0.854,0.209255
2455,0.855,0.209255
2456,0.856,0.209255
2457,0.857,0.209255
2458,0.858,0.209255
2459,0.859,0.209255
2460,0.86,0.209255
2461,0.861,0.209255
2462,0.862,0.209255
2463,0.863,0.209255
2464,0.864,0.209255
2465,0.865,0.209255
2466,0.866,0.209255
2467,0.867,0.209255
2468,0.868,0.209255
2469,0.869,0.210993
2470,0.87,0.202299
2471,0.871,0.365751
2472,0.872,0.42835
2473,0.873,0.32228
2474,0.874,0.221427
2475,0.875,0.212732
2476,0.876,0.209255
2477,0.877,0.209255
2478,0.878,0.209255
2479,0.879,0.209255
2480,0.88,0.209255
2481,0.881,0.209255
2482,0.882,0.209255
2483,0.883,0.209255
2484,0.884,0.209255
2485,0.885,0.209255
2486,0.886,0.209255
2487,0.887,0.209255
2488,0.888,0.209255
2489,0.889,0.209255
2490,0.89,0.209255
2491,0.891,0.209255
2492,0.892,0.209255
2493,0.893,0.209255
2494,0.894,0.209255
2495,0.895,0.209255
2496,0.896,0.209255
2497,0.897,0.209255
2498,0.898,0.209255
2499,0.899,0.209255
2500,0.9,0.209255
2501,0.901,0.209255
2502,0.902,0.209255
2503,0.903,0.209255
2504,0.904,0.209255
2505,0.905,0.209255
2506,0.906,0.209255
2507,0.907,0.209255
2508,0.908,0.209255
2509,0.909,0.209255
2510,0.91,0.209255
2511,0.911,0.209255
2512,0.912,0.209255
2513,0.913,0.209255
2514,0.914,0.209255
2515,0.915,0.209255
2516,0.916,0.209255
2517,0.917,0.209255
2518,0.918,0.209255
2519,0.919,0.210993
2520,0.92,0.202299
2521,0.921,0.365751
2522,0.922,0.426611
2523,0.923,0.32228
2524,0.924,0.219688
2525,0.925,0.210993
2526,0.926,0.210993
2527,0.927,0.209255
2528,0.928,0.209255
2529,0.929,0.209255
2530,0.93,0.209255
2531,0.931,0.209255
2532,0.932,0.209255
2533,0.933,0.209255
2534,0.934,0.209255
2535,0.935,0.209255
2536,0.936,0.209255
2537,0.937,0.209255
2538,0.938,0.209255
2539,0.939,0.209255
2540,0.94,0.209255
2541,0.941,0.209255
2542,0.942,0.209255
2543,0.943,0.209255
2544,0.944,0.209255
2545,0.945,0.209255
2546,0.946,0.209255
2547,0.947,0.209255
2548,0.948,0.209255
2549,0.949,0.209255
2550,0.95,0.209255
2551,0.951,0.209255
2552,0.952,0.209255
2553,0.953,0.209255
2554,0.954,0.209255
2555,0.955,0.209255
2556,0.956,0.209255
2557,0.957,0.209255
2558,0.958,0.209255
2559,0.959,0.209255
2560,0.96,0.209255
2561,0.961,0.209255
2562,0.962,0.209255
2563,0.963,0.209255
2564,0.964,0.209255
2565,0.965,0.209255
2566,0.966,0.209255
2567,0.967,0.209255
2568,0.968,0.209255
2569,0.969,0.210993
2570,0.97,0.205777
2571,0.971,0.362273
2572,0.972,0.42835
2573,0.973,0.320541
2574,0.974,0.219688
2575,0.975,0.212732
2576,0.976,0.209255
2577,0.977,0.209255
2578,0.978,0.209255
2579,0.979,0.209255
2580,0.98,0.209255
2581,0.981,0.209255
2582,0.982,0.209255
2583,0.983,0.209255
2584,0.984,0.209255
2585,0.985,0.209255
2586,0.986,0.209255
2587,0.987,0.209255
2588,0.988,0.209255
2589,0.989,0.209255
2590,0.99,0.209255
2591,0.991,0.209255
2592,0.992,0.209255
2593,0.993,0.209255
2594,0.994,0.209255
2595,0.995,0.209255
2596,0.996,0.209255
2597,0.997,0.209255
2598,0.998,0.209255
2599,0.999,0.209255
2600,1,0.209255
2601,1.001,0.209255
2602,1.002,0.209255
2603,1.003,0.209255
2604,1.004,0.209255
2605,1.005,0.209255
2606,1.006,0.209255
2607,1.007,0.209255
2608,1.008,0.209255
2609,1.009,0.209255
2610,1.01,0.209255
2611,1.011,0.209255
2612,1.012,0.209255
2613,1.013,0.209255
2614,1.014,0.209255
2615,1.015,0.209255
2616,1.016,0.209255
2617,1.017,0.209255
2618,1.018,0.209255
2619,1.019,0.210993
2620,1.02,0.205777
2621,1.021,0.362273
2622,1.022,0.42835
2623,1.023,0.32228
2624,1.024,0.219688
2625,1.025,0.210993
2626,1.026,0.210993
2627,1.027,0.209255
2628,1.028,0.209255
2629,1.029,0.209255
2630,1.03,0.209255
2631,1.031,0.209255
2632,1.032,0.209255
2633,1.033,0.209255
2634,1.034,0.209255
2635,1.035,0.209255
2636,1.036,0.209255
2637,1.037,0.209255
2638,1.038,0.209255
2639,1.039,0.209255
2640,1.04,0.209255
2641,1.041,0.209255
2642,1.042,0.209255
2643,1.043,0.209255
2644,1.044,0.209255
2645,1.045,0.209255
2646,1.046,0.209255
2647,1.047,0.209255
2648,1.048,0.209255
2649,1.049,0.209255
2650,1.05,0.209255
2651,1.051,0.209255
2652,1.052,0.209255
2653,1.053,0.209255
2654,1.054,0.209255
2655,1.055,0.209255
2656,1.056,0.209255
2657,1.057,0.209255
2658,1.058,0.209255
2659,1.059,0.209255
2660,1.06,0.209255
2661,1.061,0.209255
2662,1.062,0.209255
2663,1.063,0.209255
2664,1.064,0.209255
2665,1.065,0.209255
2666,1.066,0.209255
2667,1.067,0.209255
2668,1.068,0.209255
2669,1.069,0.210993
2670,1.07,0.205777
2671,1.071,0.362273
2672,1.072,0.421394
2673,1.073,0.400528
2674,1.074,0.437044
2675,1.075,0.440522
2676,1.076,0.440522
2677,1.077,0.442261
2678,1.078,0.442261
2679,1.079,0.442261
2680,1.08,0.442261
2681,1.081,0.442261
2682,1.082,0.442261
2683,1.083,0.442261
2684,1.084,0.442261
2685,1.085,0.442261
2686,1.086,0.442261
2687,1.087,0.442261
2688,1.088,0.442261
2689,1.089,0.442261
2690,1.09,0.442261
2691,1.091,0.442261
2692,1.092,0.442261
2693,1.093,0.442261
2694,1.094,0.442261
2695,1.095,0.442261
2696,1.096,0.442261
2697,1.097,0.442261
2698,1.098,0.442261
2699,1.099,0.442261
2700,1.1,0.442261
2701,1.101,0.440522
2702,1.102,0.442261
2703,1.103,0.442261
2704,1.104,0.442261
2705,1.105,0.442261
2706,1.106,0.442261
2707,1.107,0.442261
2708,1.108,0.442261
2709,1.109,0.442261
2710,1.11,0.442261
2711,1.111,0.442261
2712,1.112,0.443999
2713,1.113,0.423133
2714,1.114,0.398789
2715,1.115,0.414439
2716,1.116,0.440522
2717,1.117,0.257942
2718,1.118,0.212732
2719,1.119,0.207516
2720,1.12,0.205777
2721,1.121,0.205777
2722,1.122,0.202299
2723,1.123,0.207516
2724,1.124,0.205777
2725,1.125,0.202299
2726,1.126,0.202299
2727,1.127,0.202299
2728,1.128,0.205777
2729,1.129,0.202299
2730,1.13,0.207516
2731,1.131,0.209255
2732,1.132,0.195344
2733,1.133,0.344885
2734,1.134,0.228382
2735,1.135,0.210993
2736,1.136,0.205777
2737,1.137,0.205777
2738,1.138,0.205777
2739,1.139,0.205777
2740,1.14,0.205777
2741,1.141,0.207516
2742,1.142,0.202299
2743,1.143,0.202299
2744,1.144,0.202299
2745,1.145,0.202299
2746,1.146,0.205777
2747,1.147,0.197083
2748,1.148,0.290981
2749,1.149,0.27707
2750,1.15,0.212732
2751,1.151,0.207516
2752,1.152,0.205777
2753,1.153,0.205777
2754,1.154,0.205777
2755,1.155,0.205777
2756,1.156,0.207516
2757,1.157,0.202299
2758,1.158,0.205777
2759,1.159,0.205777
2760,1.16,0.205777
2761,1.161,0.207516
2762,1.162,0.207516
2763,1.163,0.217949
2764,1.164,0.334452
2765,1.165,0.21621
2766,1.166,0.207516
2767,1.167,0.207516
2768,1.168,0.205777
2769,1.169,0.205777
2770,1.17,0.205777
2771,1.171,0.205777
2772,1.172,0.205777
2773,1.173,0.205777
2774,1.174,0.205777
2775,1.175,0.205777
2776,1.176,0.205777
2777,1.177,0.207516
2778,1.178,0.193605
2779,1.179,0.339668
2780,1.18,0.235337
2781,1.181,0.209255
2782,1.182,0.205777
2783,1.183,0.205777
2784,1.184,0.202299
2785,1.185,0.202299
2786,1.186,0.202299
2787,1.187,0.202299
2788,1.188,0.202299
2789,1.189,0.202299
2790,1.19,0.205777
2791,1.191,0.205777
2792,1.192,0.205777
2793,1.193,0.202299
2794,1.194,0.273592
2795,1.195,0.289242
2796,1.196,0.212732
2797,1.197,0.207516
2798,1.198,0.205777
2799,1.199,0.205777
2800,1.2,0.205777
2801,1.201,0.205777
2802,1.202,0.205777
2803,1.203,0.202299
2804,1.204,0.202299
2805,1.205,0.205777
2806,1.206,0.202299
2807,1.207,0.202299
2808,1.208,0.209255
2809,1.209,0.207516
2810,1.21,0.343146
2811,1.211,0.217949
2812,1.212,0.209255
2813,1.213,0.205777
2814,1.214,0.205777
2815,1.215,0.205777
2816,1.216,0.205777
2817,1.217,0.205777
2818,1.218,0.205777
2819,1.219,0.207516
2820,1.22,0.202299
2821,1.221,0.202299
2822,1.222,0.202299
2823,1.223,0.205777
2824,1.224,0.195344
2825,1.225,0.329235
2826,1.226,0.244032
2827,1.227,0.210993
2828,1.228,0.205777
2829,1.229,0.205777
2830,1.23,0.207516
2831,1.231,0.202299
2832,1.232,0.202299
2833,1.233,0.207516
2834,1.234,0.202299
2835,1.235,0.205777
2836,1.236,0.205777
2837,1.237,0.205777
2838,1.238,0.205777
2839,1.239,0.202299
2840,1.24,0.237076
2841,1.241,0.219688
2842,1.242,0.205777
2843,1.243,0.202299
2844,1.244,0.217949
2845,1.245,0.205777
2846,1.246,0.207516
2847,1.247,0.202299
2848,1.248,0.205777
2849,1.249,0.198821
2850,1.25,0.313586
2851,1.251,0.391834
2852,1.252,0.393573
2853,1.253,0.395312
2854,1.254,0.395312
2855,1.255,0.395312
2856,1.256,0.395312
2857,1.257,0.395312
2858,1.258,0.395312
2859,1.259,0.395312
2860,1.26,0.395312
2861,1.261,0.393573
2862,1.262,0.39705
2863,1.263,0.39705
2864,1.264,0.353579
2865,1.265,0.224904
2866,1.266,0.212732
2867,1.267,0.209255
2868,1.268,0.209255
2869,1.269,0.209255
2870,1.27,0.209255
2871,1.271,0.209255
2872,1.272,0.209255
2873,1.273,0.209255
2874,1.274,0.209255
2875,1.275,0.209255
2876,1.276,0.209255
2877,1.277,0.209255
2878,1.278,0.209255
2879,1.279,0.209255
2880,1.28,0.209255
2881,1.281,0.209255
2882,1.282,0.209255
2883,1.283,0.209255
2884,1.284,0.209255
2885,1.285,0.209255
2886,1.286,0.209255
2887,1.287,0.209255
2888,1.288,0.209255
2889,1.289,0.209255
2890,1.29,0.209255
2891,1.291,0.209255
2892,1.292,0.209255
2893,1.293,0.209255
2894,1.294,0.209255
2895,1.295,0.209255
2896,1.296,0.209255
2897,1.297,0.209255
2898,1.298,0.209255
2899,1.299,0.209255
2900,1.3,0.209255
2901,1.301,0.209255
2902,1.302,0.209255
2903,1.303,0.209255
2904,1.304,0.209255
2905,1.305,0.209255
2906,1.306,0.209255
2907,1.307,0.209255
2908,1.308,0.209255
2909,1.309,0.209255
2910,1.31,0.209255
2911,1.311,0.209255
2912,1.312,0.209255
2913,1.313,0.209255
2914,1.314,0.26142
2915,1.315,0.421394
2916,1.316,0.402267
2917,1.317,0.244032
2918,1.318,0.214471
2919,1.319,0.210993
2920,1.32,0.209255
2921,1.321,0.209255
2922,1.322,0.209255
2923,1.323,0.209255
2924,1.324,0.209255
2925,1.325,0.209255
2926,1.326,0.209255
2927,1.327,0.209255
2928,1.328,0.209255
2929,1.329,0.209255
2930,1.33,0.209255
2931,1.331,0.209255
2932,1.332,0.209255
2933,1.333,0.209255
2934,1.334,0.209255
2935,1.335,0.209255
2936,1.336,0.209255
2937,1.337,0.209255
2938,1.338,0.209255
2939,1.339,0.209255
2940,1.34,0.209255
2941,1.341,0.209255
2942,1.342,0.209255
2943,1.343,0.209255
2944,1.344,0.209255
2945,1.345,0.209255
2946,1.346,0.209255
2947,1.347,0.209255
2948,1.348,0.209255
2949,1.349,0.209255
2950,1.35,0.209255
2951,1.351,0.209255
2952,1.352,0.209255
2953,1.353,0.209255
2954,1.354,0.209255
2955,1.355,0.209255
2956,1.356,0.209255
2957,1.357,0.209255
2958,1.358,0.209255
2959,1.359,0.209255
2960,1.36,0.209255
2961,1.361,0.209255
2962,1.362,0.209255
2963,1.363,0.209255
2964,1.364,0.264898
2965,1.365,0.424872
2966,1.366,0.398789
2967,1.367,0.242293
2968,1.368,0.214471
2969,1.369,0.210993
2970,1.37,0.209255
2971,1.371,0.209255
2972,1.372,0.209255
2973,1.373,0.209255
2974,1.374,0.209255
2975,1.375,0.209255
2976,1.376,0.209255
2977,1.377,0.209255
2978,1.378,0.209255
2979,1.379,0.209255
2980,1.38,0.209255
2981,1.381,0.209255
2982,1.382,0.209255
2983,1.383,0.209255
2984,1.384,0.209255
2985,1.385,0.209255
2986,1.386,0.209255
2987,1.387,0.209255
2988,1.388,0.209255
2989,1.389,0.209255
2990,1.39,0.209255
2991,1.391,0.209255
2992,1.392,0.209255
2993,1.393,0.209255
2994,1.394,0.209255
2995,1.395,0.209255
2996,1.396,0.209255
2997,1.397,0.209255
2998,1.398,0.209255
2999,1.399,0.209255
3000,1.4,0.209255
3001,1.401,0.209255
3002,1.402,0.209255
3003,1.403,0.209255
3004,1.404,0.209255
3005,1.405,0.209255
3006,1.406,0.209255
3007,1.407,0.209255
3008,1.408,0.209255
3009,1.409,0.209255
3010,1.41,0.209255
3011,1.411,0.209255
3012,1.412,0.209255
3013,1.413,0.207516
3014,1.414,0.266637
3015,1.415,0.424872
3016,1.416,0.398789
3017,1.417,0.240554
3018,1.418,0.214471
3019,1.419,0.210993
3020,1.42,0.209255
3021,1.421,0.209255
3022,1.422,0.209255
3023,1.423,0.209255
3024,1.424,0.209255
3025,1.425,0.209255
3026,1.426,0.209255
3027,1.427,0.209255
3028,1.428,0.209255
3029,1.429,0.209255
3030,1.43,0.209255
3031,1.431,0.209255
3032,1.432,0.209255
3033,1.433,0.209255
3034,1.434,0.209255
3035,1.435,0.209255
3036,1.436,0.209255
3037,1.437,0.209255
3038,1.438,0.209255
3039,1.439,0.209255
3040,1.44,0.209255
3041,1.441,0.209255
3042,1.442,0.209255
3043,1.443,0.209255
3044,1.444,0.209255
3045,1.445,0.209255
3046,1.446,0.209255
3047,1.447,0.209255
3048,1.448,0.209255
3049,1.449,0.209255
3050,1.45,0.209255
3051,1.451,0.209255
3052,1.452,0.209255
3053,1.453,0.209255
3054,1.454,0.209255
3055,1.455,0.209255
3056,1.456,0.209255
3057,1.457,0.209255
3058,1.458,0.209255
3059,1.459,0.209255
3060,1.46,0.209255
3061,1.461,0.209255
3062,1.462,0.209255
3063,1.463,0.207516
3064,1.464,0.270114
3065,1.465,0.423133
3066,1.466,0.39705
3067,1.467,0.238815
3068,1.468,0.21621
3069,1.469,0.209255
3070,1.47,0.209255
3071,1.471,0.209255
3072,1.472,0.209255
3073,1.473,0.209255
3074,1.474,0.209255
3075,1.475,0.209255
3076,1.476,0.209255
3077,1.477,0.209255
3078,1.478,0.209255
3079,1.479,0.209255
3080,1.48,0.209255
3081,1.481,0.209255
3082,1.482,0.209255
3083,1.483,0.209255
3084,1.484,0.209255
3085,1.485,0.209255
3086,1.486,0.209255
3087,1.487,0.209255
3088,1.488,0.209255
3089,1.489,0.209255
3090,1.49,0.209255
3091,1.491,0.209255
3092,1.492,0.209255
3093,1.493,0.209255
3094,1.494,0.209255
3095,1.495,0.209255
3096,1.496,0.209255
3097,1.497,0.209255
3098,1.498,0.209255
3099,1.499,0.209255
3100,1.5,0.209255
3101,1.501,0.209255
3102,1.502,0.209255
3103,1.503,0.209255
3104,1.504,0.209255
3105,1.505,0.209255
3106,1.506,0.209255
3107,1.507,0.209255
3108,1.508,0.209255
3109,1.509,0.209255
3110,1.51,0.209255
3111,1.511,0.209255
3112,1.512,0.209255
3113,1.513,0.207516
3114,1.514,0.273592
3115,1.515,0.424872
3116,1.516,0.393573
3117,1.517,0.238815
3118,1.518,0.214471
3119,1.519,0.210993
3120,1.52,0.209255
3121,1.521,0.209255
3122,1.522,0.209255
3123,1.523,0.209255
3124,1.524,0.209255
3125,1.525,0.209255
3126,1.526,0.209255
3127,1.527,0.209255
3128,1.528,0.209255
3129,1.529,0.209255
3130,1.53,0.209255
3131,1.531,0.209255
3132,1.532,0.209255
3133,1.533,0.209255
3134,1.534,0.209255
3135,1.535,0.209255
3136,1.536,0.209255
3137,1.537,0.209255
3138,1.538,0.209255
3139,1.539,0.209255
3140,1.54,0.209255
3141,1.541,0.209255
3142,1.542,0.209255
3143,1.543,0.209255
3144,1.544,0.209255
3145,1.545,0.209255
3146,1.546,0.209255
3147,1.547,0.209255
3148,1.548,0.209255
3149,1.549,0.209255
3150,1.55,0.209255
3151,1.551,0.209255
3152,1.552,0.209255
3153,1.553,0.209255
3154,1.554,0.209255
3155,1.555,0.209255
3156,1.556,0.209255
3157,1.557,0.209255
3158,1.558,0.209255
3159,1.559,0.209255
3160,1.56,0.209255
3161,1.561,0.209255
3162,1.562,0.210993
3163,1.563,0.207516
3164,1.564,0.27707
3165,1.565,0.426611
3166,1.566,0.393573
3167,1.567,0.235337
3168,1.568,0.212732
3169,1.569,0.209255
3170,1.57,0.209255
3171,1.571,0.209255
3172,1.572,0.209255
3173,1.573,0.209255
3174,1.574,0.209255
3175,1.575,0.209255
3176,1.576,0.209255
3177,1.577,0.209255
3178,1.578,0.209255
3179,1.579,0.209255
3180,1.58,0.209255
3181,1.581,0.209255
3182,1.582,0.209255
3183,1.583,0.209255
3184,1.584,0.209255
3185,1.585,0.209255
3186,1.586,0.209255
3187,1.587,0.209255
3188,1.588,0.209255
3189,1.589,0.209255
3190,1.59,0.209255
3191,1.591,0.209255
3192,1.592,0.209255
3193,1.593,0.209255
3194,1.594,0.209255
3195,1.595,0.209255
3196,1.596,0.209255
3197,1.597,0.209255
3198,1.598,0.209255
3199,1.599,0.209255
